org_login,repo_name,detected_language,commit_count,gold_ingested_at
quantified-uncertainty,quantified-uncertainty/squiggle,JavaScript,573,2026-05-14 21:52:28.764978
whosumdotcom,whosumdotcom/srchposts240101,JavaScript,121,2026-05-14 21:52:28.764978
opencast,opencast/opencast,JavaScript,93,2026-05-14 21:52:28.764978
kunitsucom,kunitsucom/util.go,SQL,58,2026-05-14 21:52:28.764978
openemp,openemp/openemp-api-message,JavaScript,55,2026-05-14 21:52:28.764978
quantified-uncertainty,quantified-uncertainty/squiggle,TypeScript,42,2026-05-14 21:52:28.764978
gantsign,gantsign/stats,Python,41,2026-05-14 21:52:28.764978
gantsign,gantsign/maven-parent-poms,Java,35,2026-05-14 21:52:28.764978
opencast,opencast/opencast,Java,24,2026-05-14 21:52:28.764978
gantsign,gantsign/stats,JavaScript,24,2026-05-14 21:52:28.764978
darkchii,darkchii/score-inspector,JavaScript,23,2026-05-14 21:52:28.764978
opencast,opencast/opencast,Python,22,2026-05-14 21:52:28.764978
Unknown-Studios,Unknown-Studios/react-sitemap-generator,JavaScript,19,2026-05-14 21:52:28.764978
EYRA-Benchmark,EYRA-Benchmark/comic,Python,18,2026-05-14 21:52:28.764978
okta-samples,okta-samples/okta-vue-sample,JavaScript,18,2026-05-14 21:52:28.764978
markedjs,markedjs/marked-bidi,JavaScript,17,2026-05-14 21:52:28.764978
mumble-voip,mumble-voip/mumble,C++,16,2026-05-14 21:52:28.764978
RANDSUM,RANDSUM/randsum-rn,JavaScript,15,2026-05-14 21:52:28.764978
jprofessionals,jprofessionals/my-page,JavaScript,15,2026-05-14 21:52:28.764978
aws-containers,aws-containers/retail-store-sample-app,Java,14,2026-05-14 21:52:28.764978
static-web-apps-testing-org,static-web-apps-testing-org/swa94bb735521414e86b48f222cf7351eee,JavaScript,12,2026-05-14 21:52:28.764978
gnostr-org,gnostr-org/gnostr-tui,Rust,12,2026-05-14 21:52:28.764978
static-web-apps-testing-org,static-web-apps-testing-org/swab3a65ad871094abc90cde734506535f4,JavaScript,12,2026-05-14 21:52:28.764978
static-web-apps-testing-org,static-web-apps-testing-org/swac39ebc9c395b47e98fe3f32f22f5d263,JavaScript,12,2026-05-14 21:52:28.764978
sailfishos-mirror,sailfishos-mirror/libphonenumber,Java,12,2026-05-14 21:52:28.764978
static-web-apps-testing-org,static-web-apps-testing-org/swa97fc7d74e83440c2b4761dae0b24b64f,JavaScript,12,2026-05-14 21:52:28.764978
static-web-apps-testing-org,static-web-apps-testing-org/swaa64945b63d9e4009a1aa735780b18eff,JavaScript,12,2026-05-14 21:52:28.764978
static-web-apps-testing-org,static-web-apps-testing-org/swa8f5fb517f86445a9b16da72b90021158,JavaScript,12,2026-05-14 21:52:28.764978
opensource254,opensource254/covid-19-web,JavaScript,12,2026-05-14 21:52:28.764978
enonic,enonic/tutorial-myfirstsite,JavaScript,12,2026-05-14 21:52:28.764978
static-web-apps-testing-org,static-web-apps-testing-org/swa922573ccfee84d69b174bd15a20015b3,JavaScript,12,2026-05-14 21:52:28.764978
NixOS,NixOS/nixpkgs,Python,11,2026-05-14 21:52:28.764978
B3Partners,B3Partners/brmo,Java,11,2026-05-14 21:52:28.764978
static-web-apps-testing-org,static-web-apps-testing-org/swa87a2e2fe7ff444f7a3497355433a66ff,JavaScript,11,2026-05-14 21:52:28.764978
static-web-apps-testing-org,static-web-apps-testing-org/swa936ea06ba02244a2bf2bc74eabdb5dfd,JavaScript,10,2026-05-14 21:52:28.764978
aims-group,aims-group/metagrid,Python,10,2026-05-14 21:52:28.764978
gtech-mulearn,gtech-mulearn/yiptrackingbk,Python,10,2026-05-14 21:52:28.764978
Scalingo,Scalingo/scalingo.js,TypeScript,10,2026-05-14 21:52:28.764978
Scalingo,Scalingo/scalingo.js,JavaScript,10,2026-05-14 21:52:28.764978
suttacentral,suttacentral/bilara-data,JavaScript,9,2026-05-14 21:52:28.764978
static-web-apps-testing-org,static-web-apps-testing-org/swa87a2e2fe7ff444f7a3497355433a66ff,TypeScript,9,2026-05-14 21:52:28.764978
DefinitelyTyped,DefinitelyTyped/DefinitelyTyped,JavaScript,9,2026-05-14 21:52:28.764978
static-web-apps-testing-org,static-web-apps-testing-org/swa00f29bba5a8948149636fae6be8055d8,TypeScript,9,2026-05-14 21:52:28.764978
withsparkle,withsparkle/service,Go,9,2026-05-14 21:52:28.764978
static-web-apps-testing-org,static-web-apps-testing-org/swa00f29bba5a8948149636fae6be8055d8,JavaScript,9,2026-05-14 21:52:28.764978
static-web-apps-testing-org,static-web-apps-testing-org/swa922573ccfee84d69b174bd15a20015b3,TypeScript,9,2026-05-14 21:52:28.764978
static-web-apps-testing-org,static-web-apps-testing-org/swa94bb735521414e86b48f222cf7351eee,TypeScript,9,2026-05-14 21:52:28.764978
static-web-apps-testing-org,static-web-apps-testing-org/swac39ebc9c395b47e98fe3f32f22f5d263,TypeScript,9,2026-05-14 21:52:28.764978
static-web-apps-testing-org,static-web-apps-testing-org/swa97fc7d74e83440c2b4761dae0b24b64f,TypeScript,9,2026-05-14 21:52:28.764978
static-web-apps-testing-org,static-web-apps-testing-org/swa936ea06ba02244a2bf2bc74eabdb5dfd,TypeScript,9,2026-05-14 21:52:28.764978
systemli,systemli/ticker-admin,JavaScript,8,2026-05-14 21:52:28.764978
NixOS,NixOS/nixpkgs,Rust,8,2026-05-14 21:52:28.764978
kiwiproject,kiwiproject/champagne-service,JavaScript,8,2026-05-14 21:52:28.764978
EOSC-synergy,EOSC-synergy/FAIR_eva,Python,8,2026-05-14 21:52:28.764978
kiwiproject,kiwiproject/kiwi-test-js,TypeScript,8,2026-05-14 21:52:28.764978
OneBusAway,OneBusAway/onebusaway-application-modules,Java,8,2026-05-14 21:52:28.764978
elucidation-project,elucidation-project/elucidation-client-js,TypeScript,8,2026-05-14 21:52:28.764978
metabrainz,metabrainz/listenbrainz-android,Java,8,2026-05-14 21:52:28.764978
static-web-apps-testing-org,static-web-apps-testing-org/swaa64945b63d9e4009a1aa735780b18eff,TypeScript,7,2026-05-14 21:52:28.764978
static-web-apps-testing-org,static-web-apps-testing-org/swa8f5fb517f86445a9b16da72b90021158,TypeScript,7,2026-05-14 21:52:28.764978
Ree6-Applications,Ree6-Applications/Ree6,SQL,6,2026-05-14 21:52:28.764978
Lightning-AI,Lightning-AI/tutorials,Python,6,2026-05-14 21:52:28.764978
dailydotdev,dailydotdev/action-devcard,TypeScript,6,2026-05-14 21:52:28.764978
bryanjtc-platzi,bryanjtc-platzi/react-avanzado,JavaScript,6,2026-05-14 21:52:28.764978
kiwiproject,kiwiproject/kiwi-js,TypeScript,6,2026-05-14 21:52:28.764978
polkadot-fellows,polkadot-fellows/dashboard,JavaScript,6,2026-05-14 21:52:28.764978
BlueMoonDevelopment,BlueMoonDevelopment/expenseman-api,JavaScript,6,2026-05-14 21:52:28.764978
Lightning-AI,Lightning-AI/lightning-Habana,Python,6,2026-05-14 21:52:28.764978
openlawlibrary,openlawlibrary/stelae,Rust,6,2026-05-14 21:52:28.764978
iSharkFly-Docs,iSharkFly-Docs/angular-docs-cn,JavaScript,6,2026-05-14 21:52:28.764978
enonic,enonic/app-cty-manager,JavaScript,6,2026-05-14 21:52:28.764978
static-web-apps-testing-org,static-web-apps-testing-org/swab3a65ad871094abc90cde734506535f4,TypeScript,6,2026-05-14 21:52:28.764978
brython-dev,brython-dev/brython,Python,6,2026-05-14 21:52:28.764978
NamseEnt,NamseEnt/namseent,Rust,6,2026-05-14 21:52:28.764978
eo-cqrs,eo-cqrs/eo-kafka,Java,6,2026-05-14 21:52:28.764978
py-mine,py-mine/mcstatus,Python,6,2026-05-14 21:52:28.764978
vendored,vendored/nixpkgs,Python,6,2026-05-14 21:52:28.764978
static-web-apps-testing-org,static-web-apps-testing-org/swa6e42598bd4594ece9bc21067ad489448,JavaScript,5,2026-05-14 21:52:28.764978
Unknown-Studios,Unknown-Studios/react-sitemap-generator,TypeScript,5,2026-05-14 21:52:28.764978
gantsign,gantsign/stats,TypeScript,5,2026-05-14 21:52:28.764978
static-web-apps-testing-org,static-web-apps-testing-org/swa8185778a924747229fa6ed831fe2b375,JavaScript,5,2026-05-14 21:52:28.764978
celo-tracker,celo-tracker/tokens,JavaScript,5,2026-05-14 21:52:28.764978
uscclasses,uscclasses/flat-data-test,JavaScript,5,2026-05-14 21:52:28.764978
cfwss,cfwss/conf,Shell,5,2026-05-14 21:52:28.764978
static-web-apps-testing-org,static-web-apps-testing-org/swadb86f475ec6f4514b09ab75810cbac19,JavaScript,5,2026-05-14 21:52:28.764978
static-web-apps-testing-org,static-web-apps-testing-org/swad396e74c065b4699b5aa18e4f3945343,JavaScript,5,2026-05-14 21:52:28.764978
static-web-apps-testing-org,static-web-apps-testing-org/swa161fdb8f41e14f658de2cb5ec426f780,JavaScript,5,2026-05-14 21:52:28.764978
acdh-oeaw,acdh-oeaw/OpenAtlas,Shell,5,2026-05-14 21:52:28.764978
hypertrace,hypertrace/hyperdash-angular,JavaScript,5,2026-05-14 21:52:28.764978
xdslproject,xdslproject/xdsl,Python,5,2026-05-14 21:52:28.764978
static-web-apps-testing-org,static-web-apps-testing-org/swafe5ca5226630472abe0768233bb7b297,JavaScript,5,2026-05-14 21:52:28.764978
ndsev,ndsev/mapget,Python,5,2026-05-14 21:52:28.764978
static-web-apps-testing-org,static-web-apps-testing-org/swa80aab2a4c73f4e769e17b3e52e440e95,JavaScript,5,2026-05-14 21:52:28.764978
OHDSI,OHDSI/Arachne,Java,5,2026-05-14 21:52:28.764978
kotest,kotest/kotest-extensions-spring,Java,5,2026-05-14 21:52:28.764978
static-web-apps-testing-org,static-web-apps-testing-org/swad406f336c5344d82b19a8c250e7b901c,JavaScript,5,2026-05-14 21:52:28.764978
static-web-apps-testing-org,static-web-apps-testing-org/swab2d6a4d33b30442c882ba09b39c17557,JavaScript,5,2026-05-14 21:52:28.764978
wix,wix/wix-headless-example,JavaScript,5,2026-05-14 21:52:28.764978
Jounce-IO,Jounce-IO/ggml,C++,5,2026-05-14 21:52:28.764978
python-discord,python-discord/bot,Python,5,2026-05-14 21:52:28.764978
termux,termux/upload-release-action,TypeScript,5,2026-05-14 21:52:28.764978
Wunderbyte-GmbH,Wunderbyte-GmbH/moodle-mod_booking,PHP,5,2026-05-14 21:52:28.764978
dev-bcn,dev-bcn/dev-bcn.github.io,JavaScript,5,2026-05-14 21:52:28.764978
static-web-apps-testing-org,static-web-apps-testing-org/swa92d0fa1c62b04fe791af7878950586fd,JavaScript,4,2026-05-14 21:52:28.764978
static-web-apps-testing-org,static-web-apps-testing-org/swa09d7dd3305fb4524930eef9340706583,JavaScript,4,2026-05-14 21:52:28.764978
influxdata,influxdata/influxdb2-sample-data,JavaScript,4,2026-05-14 21:52:28.764978
static-web-apps-testing-org,static-web-apps-testing-org/swadc554a03b49242ae81abe7389cbc413e,JavaScript,4,2026-05-14 21:52:28.764978
static-web-apps-testing-org,static-web-apps-testing-org/swa5ca8b9cdc3364b3198858f79703bf4cd,JavaScript,4,2026-05-14 21:52:28.764978
static-web-apps-testing-org,static-web-apps-testing-org/swa899725f2a62d4ddda39d677341aa9483,JavaScript,4,2026-05-14 21:52:28.764978
static-web-apps-testing-org,static-web-apps-testing-org/swa421fc8e5e215452fb6988680fa784444,JavaScript,4,2026-05-14 21:52:28.764978
static-web-apps-testing-org,static-web-apps-testing-org/swa200b3e011c144d169447c1a725e072a8,JavaScript,4,2026-05-14 21:52:28.764978
static-web-apps-testing-org,static-web-apps-testing-org/swa72c5a6bd64594f79b871a6f5a287ab06,JavaScript,4,2026-05-14 21:52:28.764978
static-web-apps-testing-org,static-web-apps-testing-org/swa3e7b3b44aed947d1b67d5b012c8e14b0,JavaScript,4,2026-05-14 21:52:28.764978
airframesio,airframesio/data,JavaScript,4,2026-05-14 21:52:28.764978
static-web-apps-testing-org,static-web-apps-testing-org/swa8473ee07d9704dabb660d70d3b62403d,JavaScript,4,2026-05-14 21:52:28.764978
GOFAST007,GOFAST007/desktop,JavaScript,4,2026-05-14 21:52:28.764978
kunitsucom,kunitsucom/util.go,Go,4,2026-05-14 21:52:28.764978
static-web-apps-testing-org,static-web-apps-testing-org/swa16e5104189aa4123a76e270a09132105,JavaScript,4,2026-05-14 21:52:28.764978
StudyCrew,StudyCrew/StudyCrew,JavaScript,4,2026-05-14 21:52:28.764978
static-web-apps-testing-org,static-web-apps-testing-org/swa92a9d42240624fefb76db3f007144c37,JavaScript,4,2026-05-14 21:52:28.764978
polserver,polserver/polserver,C++,4,2026-05-14 21:52:28.764978
static-web-apps-testing-org,static-web-apps-testing-org/swae09049be6ce74ce69aeeeeadf1330442,JavaScript,4,2026-05-14 21:52:28.764978
OpenAudioMc,OpenAudioMc/status,Java,4,2026-05-14 21:52:28.764978
AI21Labs,AI21Labs/langchain,Python,4,2026-05-14 21:52:28.764978
static-web-apps-testing-org,static-web-apps-testing-org/swa2c8de33ef4e6417fbac37025606c2b05,JavaScript,4,2026-05-14 21:52:28.764978
static-web-apps-testing-org,static-web-apps-testing-org/swa44fae6eda2764010b9271c9c2fd9035a,JavaScript,4,2026-05-14 21:52:28.764978
static-web-apps-testing-org,static-web-apps-testing-org/swa1f5faca28c67474d8096822f48293a5b,JavaScript,4,2026-05-14 21:52:28.764978
static-web-apps-testing-org,static-web-apps-testing-org/swaae9362b563bf4e3682419453c1767d2e,JavaScript,4,2026-05-14 21:52:28.764978
androiddevnotesforks,androiddevnotesforks/calculators,JavaScript,4,2026-05-14 21:52:28.764978
libranet,libranet/libranet-quantum,Python,4,2026-05-14 21:52:28.764978
gojue,gojue/ecapture,C#,4,2026-05-14 21:52:28.764978
Binar-Academy-C-8,Binar-Academy-C-8/Android-FinalProject,Kotlin,4,2026-05-14 21:52:28.764978
javaparser,javaparser/javaparser,Java,4,2026-05-14 21:52:28.764978
static-web-apps-testing-org,static-web-apps-testing-org/swaf59616c6799b4a6bbc4fe3b8ff3f90bb,JavaScript,4,2026-05-14 21:52:28.764978
static-web-apps-testing-org,static-web-apps-testing-org/swa69cc285abbd749ab9ea7f218c7b71859,JavaScript,4,2026-05-14 21:52:28.764978
csi-addons,csi-addons/kubernetes-csi-addons,Go,4,2026-05-14 21:52:28.764978
static-web-apps-testing-org,static-web-apps-testing-org/swad4a2f9f4fae949fa9b3c03974f04c4c4,JavaScript,4,2026-05-14 21:52:28.764978
static-web-apps-testing-org,static-web-apps-testing-org/swaf5c430cf829f4a3e8a9a97c3d305172c,JavaScript,4,2026-05-14 21:52:28.764978
static-web-apps-testing-org,static-web-apps-testing-org/swa7bd53f006cbf451499d98e6abb89febf,JavaScript,4,2026-05-14 21:52:28.764978
static-web-apps-testing-org,static-web-apps-testing-org/swad158b3f6c4654a228946bcfb1d0f26a3,JavaScript,4,2026-05-14 21:52:28.764978
enonic,enonic/tutorial-myfirstsite,Java,4,2026-05-14 21:52:28.764978
static-web-apps-testing-org,static-web-apps-testing-org/swa9055af6b4e6f456e8b9ea6da4e3ffc3b,JavaScript,4,2026-05-14 21:52:28.764978
hk-hospital-watch,hk-hospital-watch/hk-ha-ae-wait-time,JavaScript,4,2026-05-14 21:52:28.764978
static-web-apps-testing-org,static-web-apps-testing-org/swab6768f72f6fa4d40880b7fde3b28d7ff,JavaScript,4,2026-05-14 21:52:28.764978
cs-intro-reichman,cs-intro-reichman/hw02-Eliyahvaknin,Java,4,2026-05-14 21:52:28.764978
ff4j,ff4j/ff4j,Java,4,2026-05-14 21:52:28.764978
elastic,elastic/e2e-testing,Go,4,2026-05-14 21:52:28.764978
BananaDroid-Lab,BananaDroid-Lab/frameworks_base,Java,4,2026-05-14 21:52:28.764978
static-web-apps-testing-org,static-web-apps-testing-org/swaa1746c21f0224a4ca3549a1d24d57a3b,JavaScript,4,2026-05-14 21:52:28.764978
static-web-apps-testing-org,static-web-apps-testing-org/swa9ec77432d2be4dd88322af031bae7e4b,JavaScript,4,2026-05-14 21:52:28.764978
genexuslabs,genexuslabs/chameleon-controls-library,TypeScript,4,2026-05-14 21:52:28.764978
static-web-apps-testing-org,static-web-apps-testing-org/swa6b7537b6451c49e1bdd13e53657ab9f3,JavaScript,4,2026-05-14 21:52:28.764978
TheLoathingFoundation,TheLoathingFoundation/scripts,JavaScript,4,2026-05-14 21:52:28.764978
ctu-vras,ctu-vras/singularity,Go,4,2026-05-14 21:52:28.764978
parserpp,parserpp/ip_ports,Python,4,2026-05-14 21:52:28.764978
static-web-apps-testing-org,static-web-apps-testing-org/swad43fcb3311eb4543aa9e14b4867482f9,JavaScript,4,2026-05-14 21:52:28.764978
ICTDTBDWb,ICTDTBDWb/tss-webshop,PHP,4,2026-05-14 21:52:28.764978
cepdnaclk,cepdnaclk/e19-3yp-impact-tracker,JavaScript,3,2026-05-14 21:52:28.764978
metarhia,metarhia/impress,JavaScript,3,2026-05-14 21:52:28.764978
GaloisInc,GaloisInc/copilot-1,Shell,3,2026-05-14 21:52:28.764978
dotnetcore,dotnetcore/Natasha,C#,3,2026-05-14 21:52:28.764978
gg-snyk-demo,gg-snyk-demo/public-app-gg-bis-2023-10,Python,3,2026-05-14 21:52:28.764978
C0623I1-project-module-6,C0623I1-project-module-6/best-ticket-front,JavaScript,3,2026-05-14 21:52:28.764978
cggh,cggh/scikit-allel,Python,3,2026-05-14 21:52:28.764978
prometheus-community,prometheus-community/stackdriver_exporter,Go,3,2026-05-14 21:52:28.764978
avansoft,avansoft/flickit-assessment,Java,3,2026-05-14 21:52:28.764978
gg-snyk-demo,gg-snyk-demo/private-gg-bis-2023-10,Python,3,2026-05-14 21:52:28.764978
palantir,palantir/witchcraft-rust-server,Rust,3,2026-05-14 21:52:28.764978
python,python/miss-islington,Python,3,2026-05-14 21:52:28.764978
Java-A1gorithm-study,Java-A1gorithm-study/A1goritm-study,Java,3,2026-05-14 21:52:28.764978
gg-snyk-demo,gg-snyk-demo/public-app-gg-2024-01,Python,3,2026-05-14 21:52:28.764978
2by2-Project,2by2-Project/android_frameworks_base,Java,3,2026-05-14 21:52:28.764978
WebFiori,WebFiori/http,PHP,3,2026-05-14 21:52:28.764978
opencart,opencart/opencart-3,PHP,3,2026-05-14 21:52:28.764978
flex-development,flex-development/grease,TypeScript,3,2026-05-14 21:52:28.764978
VSEScala,VSEScala/Scala-Dining,Python,3,2026-05-14 21:52:28.764978
GenericMappingTools,GenericMappingTools/gmt,C++,3,2026-05-14 21:52:28.764978
qqself,qqself/qqself,Rust,3,2026-05-14 21:52:28.764978
adsbypasser,adsbypasser/adsbypasser,JavaScript,3,2026-05-14 21:52:28.764978
o7-Fire,o7-Fire/NodeNsfwJSAPI,Python,3,2026-05-14 21:52:28.764978
Crazy-Marvin,Crazy-Marvin/Halma,Java,3,2026-05-14 21:52:28.764978
acdh-oeaw,acdh-oeaw/OpenAtlas,Python,3,2026-05-14 21:52:28.764978
CodePipelineTestOrg,CodePipelineTestOrg/TestRepo,JavaScript,3,2026-05-14 21:52:28.764978
fz139,fz139/blocked-domains-resolves,JavaScript,3,2026-05-14 21:52:28.764978
YoloDev,YoloDev/cargo-featurex,Rust,3,2026-05-14 21:52:28.764978
lassi-niruvanam,lassi-niruvanam/kairegai,JavaScript,3,2026-05-14 21:52:28.764978
newfold-labs,newfold-labs/wp-module-onboarding,JavaScript,3,2026-05-14 21:52:28.764978
metanorma,metanorma/latexml-snap,Python,3,2026-05-14 21:52:28.764978
Jeebiz,Jeebiz/jeebiz-boot,Java,3,2026-05-14 21:52:28.764978
hal4j,hal4j/hal4j,Java,3,2026-05-14 21:52:28.764978
static-web-apps-testing-org,static-web-apps-testing-org/swa3468280ff8ce4e32a1f7fdbc351cc338,C#,2,2026-05-14 21:52:28.764978
openlawlibrary,openlawlibrary/stelae,JavaScript,2,2026-05-14 21:52:28.764978
static-web-apps-testing-org,static-web-apps-testing-org/swa80ad1c568dc2496ca3d7d673b5dac76e,C#,2,2026-05-14 21:52:28.764978
InstaDEXFi,InstaDEXFi/instadexwebv2,JavaScript,2,2026-05-14 21:52:28.764978
THM-Health,THM-Health/PILOS,PHP,2,2026-05-14 21:52:28.764978
gg-snyk-demo,gg-snyk-demo/public-app-gg-2023-11,Python,2,2026-05-14 21:52:28.764978
DockStudios,DockStudios/jmon,JavaScript,2,2026-05-14 21:52:28.764978
novaramedia,novaramedia/novaramedia-com,JavaScript,2,2026-05-14 21:52:28.764978
RWS-CFNS,RWS-CFNS/Meetkast_Script_12NM_2023,Python,2,2026-05-14 21:52:28.764978
octopot,octopot/space,TypeScript,2,2026-05-14 21:52:28.764978
kh352-230911,kh352-230911/semi_petking,JavaScript,2,2026-05-14 21:52:28.764978
6Ministers,6Ministers/flectra-2.0dev-docker-compose,Shell,2,2026-05-14 21:52:28.764978
Lightning-Universe,Lightning-Universe/lightning-quick-start,Python,2,2026-05-14 21:52:28.764978
Certegy-Payment-Solutions,Certegy-Payment-Solutions/cashline.uptime.monitor,Java,2,2026-05-14 21:52:28.764978
StudentiUniMi,StudentiUniMi/website,TypeScript,2,2026-05-14 21:52:28.764978
static-web-apps-testing-org,static-web-apps-testing-org/swac06feff68564472e8b3eed0dfec616b2,C#,2,2026-05-14 21:52:28.764978
vega,vega/editor,JavaScript,2,2026-05-14 21:52:28.764978
jboss,jboss/jboss-parent-pom,Java,2,2026-05-14 21:52:28.764978
enonic,enonic/tutorial-myfirstsite,TypeScript,2,2026-05-14 21:52:28.764978
Ree6-Applications,Ree6-Applications/Ree6-SQL,Java,2,2026-05-14 21:52:28.764978
RTa-scp,RTa-scp/files,JavaScript,2,2026-05-14 21:52:28.764978
db-ui,db-ui/theme-builder,JavaScript,2,2026-05-14 21:52:28.764978
UrsaMU,UrsaMU/ursamu,TypeScript,2,2026-05-14 21:52:28.764978
dotnet,dotnet/emsdk,C#,2,2026-05-14 21:52:28.764978
Lightning-Universe,Lightning-Universe/Text-Prediction_component,Python,2,2026-05-14 21:52:28.764978
Pejomi,Pejomi/mtogo-microservices,JavaScript,2,2026-05-14 21:52:28.764978
webdoky,webdoky/content,JavaScript,2,2026-05-14 21:52:28.764978
vaadin,vaadin/flow,JavaScript,2,2026-05-14 21:52:28.764978
laravel,laravel/framework,PHP,2,2026-05-14 21:52:28.764978
Club-PARD,Club-PARD/My_Precious_WEB,JavaScript,2,2026-05-14 21:52:28.764978
shlomi-test-org,shlomi-test-org/python-code-,Python,2,2026-05-14 21:52:28.764978
laravel,laravel/docs,PHP,2,2026-05-14 21:52:28.764978
ibm-hyper-protect,ibm-hyper-protect/linuxone-vsi-automation-samples,SQL,2,2026-05-14 21:52:28.764978
static-web-apps-testing-org,static-web-apps-testing-org/swa0a4e919f18fc4c45af103d32127f2f7a,C#,2,2026-05-14 21:52:28.764978
RaenonX-PokemonSleep,RaenonX-PokemonSleep/pokemon-sleep-ui,JavaScript,2,2026-05-14 21:52:28.764978
owncloud,owncloud/qnap-packaging,SQL,2,2026-05-14 21:52:28.764978
Aleist3r-s-Org,Aleist3r-s-Org/DuskForgedCore,C++,2,2026-05-14 21:52:28.764978
ioBroker,ioBroker/ioBroker.admin,JavaScript,2,2026-05-14 21:52:28.764978
tiacsys,tiacsys/zephyr,C++,2,2026-05-14 21:52:28.764978
valora-inc,valora-inc/docs,JavaScript,2,2026-05-14 21:52:28.764978
static-web-apps-testing-org,static-web-apps-testing-org/swad39482c7086741e6a229b9551d43074e,C#,2,2026-05-14 21:52:28.764978
jetty-project,jetty-project/embedded-jetty-weld,Java,2,2026-05-14 21:52:28.764978
Coflnet,Coflnet/k8s,JavaScript,2,2026-05-14 21:52:28.764978
LawisIT,LawisIT/jsreport,JavaScript,2,2026-05-14 21:52:28.764978
tModLoader,tModLoader/tModLoader,C#,2,2026-05-14 21:52:28.764978
themeldingwars,themeldingwars/RIN.WebAPI,SQL,2,2026-05-14 21:52:28.764978
TelegramPlayGround,TelegramPlayGround/pyrogram,JavaScript,2,2026-05-14 21:52:28.764978
static-web-apps-testing-org,static-web-apps-testing-org/swa7904e351bf384c79b95ba112581bb659,C#,2,2026-05-14 21:52:28.764978
okp4,okp4/eslint-config-okp4,TypeScript,2,2026-05-14 21:52:28.764978
Paper-Proof,Paper-Proof/paperproof,TypeScript,2,2026-05-14 21:52:28.764978
static-web-apps-testing-org,static-web-apps-testing-org/swaf32517c5c8b04b17a08b5a5e8f5f9620,C#,2,2026-05-14 21:52:28.764978
telekom,telekom/mltb2,Python,2,2026-05-14 21:52:28.764978
Infinidat,Infinidat/infi.recipe.js_requirements,JavaScript,2,2026-05-14 21:52:28.764978
Ryujinx,Ryujinx/Ryujinx-Ldn-Website,JavaScript,2,2026-05-14 21:52:28.764978
trailofbits,trailofbits/dylint,Rust,2,2026-05-14 21:52:28.764978
The-Codefun-Exam-Team,The-Codefun-Exam-Team/Codefun-Debug,TypeScript,2,2026-05-14 21:52:28.764978
omniosorg,omniosorg/omnios-extra,Rust,2,2026-05-14 21:52:28.764978
boken-io,boken-io/bilboka-frontend,TypeScript,2,2026-05-14 21:52:28.764978
cloud-py-api,cloud-py-api/nc_py_api,Python,2,2026-05-14 21:52:28.764978
ergebnis,ergebnis/classy,PHP,2,2026-05-14 21:52:28.764978
neonlabsorg,neonlabsorg/proxy-model.py,Python,2,2026-05-14 21:52:28.764978
brython-dev,brython-dev/brython,JavaScript,2,2026-05-14 21:52:28.764978
personal-assistant-for-students,personal-assistant-for-students/tasks-manager,Python,2,2026-05-14 21:52:28.764978
softwareventures,softwareventures/template-node-project,TypeScript,2,2026-05-14 21:52:28.764978
YoeDistro,YoeDistro/poky,Rust,2,2026-05-14 21:52:28.764978
SuperiorOS-Devices,SuperiorOS-Devices/device_oneplus_fajita,Shell,2,2026-05-14 21:52:28.764978
SemanticMediaWiki,SemanticMediaWiki/SemanticMediaWiki,PHP,2,2026-05-14 21:52:28.764978
ioBroker,ioBroker/ioBroker.vis-2,JavaScript,2,2026-05-14 21:52:28.764978
fluctuo,fluctuo/gbfs_types,Rust,2,2026-05-14 21:52:28.764978
KDE,KDE/clazy,C++,2,2026-05-14 21:52:28.764978
Team-Lecue,Team-Lecue/Lequu-Server,Java,2,2026-05-14 21:52:28.764978
opencomponents,opencomponents/vite-templates,JavaScript,2,2026-05-14 21:52:28.764978
SUSTech-CRA,SUSTech-CRA/sustech-online-ng,JavaScript,2,2026-05-14 21:52:28.764978
python-websockets,python-websockets/websockets,Python,2,2026-05-14 21:52:28.764978
attocash,attocash/node,Java,2,2026-05-14 21:52:28.764978
livepeer,livepeer/livepeer-monitoring,JavaScript,2,2026-05-14 21:52:28.764978
redwoodjs,redwoodjs/redwood,JavaScript,2,2026-05-14 21:52:28.764978
Ori-Ticket,Ori-Ticket/Ori-Ticket-FE,JavaScript,2,2026-05-14 21:52:28.764978
invi5H,invi5H/laravel-static-queue,PHP,2,2026-05-14 21:52:28.764978
kubiyabot,kubiyabot/agent-starter-template,Python,2,2026-05-14 21:52:28.764978
skypilot-org,skypilot-org/skypilot,Python,2,2026-05-14 21:52:28.764978
und3fined-it,und3fined-it/gantt-chart,PHP,2,2026-05-14 21:52:28.764978
SCP-JP,SCP-JP/files,JavaScript,2,2026-05-14 21:52:28.764978
sablier-labs,sablier-labs/v2-docs,JavaScript,2,2026-05-14 21:52:28.764978
droidian,droidian/parse-modules-load,Shell,2,2026-05-14 21:52:28.764978
static-web-apps-testing-org,static-web-apps-testing-org/swa019141a633274bc1afdf2bea2112bdf5,C#,2,2026-05-14 21:52:28.764978
gantsign,gantsign/ansible-role-golang,Python,2,2026-05-14 21:52:28.764978
PrairieLearn,PrairieLearn/PrairieLearn,SQL,2,2026-05-14 21:52:28.764978
VWS-Python,VWS-Python/vws-python-mock,Python,2,2026-05-14 21:52:28.764978
personal-assistant-for-students,personal-assistant-for-students/dispatcher-service,Python,2,2026-05-14 21:52:28.764978
ergebnis,ergebnis/license,PHP,2,2026-05-14 21:52:28.764978
redcrackle,redcrackle/earthly,JavaScript,2,2026-05-14 21:52:28.764978
gg-snyk-demo,gg-snyk-demo/public-app-gg-bis-2023-11,Python,2,2026-05-14 21:52:28.764978
UGentBiomath,UGentBiomath/wwdata,Python,2,2026-05-14 21:52:28.764978
kennarddh-mindustry,kennarddh-mindustry/kotlin-mindustry-plugin-boilerplate,Java,2,2026-05-14 21:52:28.764978
MinigameDemonList,MinigameDemonList/MinigameDemonList,JavaScript,2,2026-05-14 21:52:28.764978
ergebnis,ergebnis/json-pointer,PHP,2,2026-05-14 21:52:28.764978
miru-project,miru-project/repo,JavaScript,2,2026-05-14 21:52:28.764978
codedor,codedor/filament-media-library,PHP,2,2026-05-14 21:52:28.764978
MLH-Fellowship,MLH-Fellowship/click,Python,2,2026-05-14 21:52:28.764978
static-web-apps-testing-org,static-web-apps-testing-org/swa1fe33101456a4b40b927c55b01e6b0dc,C#,2,2026-05-14 21:52:28.764978
karafka,karafka/karafka,Ruby,2,2026-05-14 21:52:28.764978
mattmanj17-forks,mattmanj17-forks/core,C++,2,2026-05-14 21:52:28.764978
static-web-apps-testing-org,static-web-apps-testing-org/swa95d98ae87ed74f83b2d4fbe310242ee4,C#,2,2026-05-14 21:52:28.764978
polagoab,polagoab/merge-properties-maven-plugin,Java,2,2026-05-14 21:52:28.764978
FirefoxUniverse,FirefoxUniverse/FirefoxTweaksVN,JavaScript,2,2026-05-14 21:52:28.764978
pallets,pallets/flask,Python,2,2026-05-14 21:52:28.764978
jhipster,jhipster/jhipster-lite,JavaScript,2,2026-05-14 21:52:28.764978
Infosecdecompress,Infosecdecompress/infosecdecompress,JavaScript,2,2026-05-14 21:52:28.764978
Infosecdecompress,Infosecdecompress/infosecdecompress,TypeScript,2,2026-05-14 21:52:28.764978
o7-Fire,o7-Fire/NodeNsfwJSAPI,JavaScript,2,2026-05-14 21:52:28.764978
navikt,navikt/security-playbook,JavaScript,2,2026-05-14 21:52:28.764978
static-web-apps-testing-org,static-web-apps-testing-org/swac16f3495e8954612b96633c014903797,C#,2,2026-05-14 21:52:28.764978
projectsveltos,projectsveltos/event-manager,Go,2,2026-05-14 21:52:28.764978
SoffidIAM,SoffidIAM/syncserver,Java,2,2026-05-14 21:52:28.764978
lsd-consulting,lsd-consulting/lsd-interceptors-http4k,Java,2,2026-05-14 21:52:28.764978
nonsoolmate,nonsoolmate/NONSOOLMATE-SERVER,Java,2,2026-05-14 21:52:28.764978
php,php/benchmarking-data,PHP,2,2026-05-14 21:52:28.764978
exeme-project,exeme-project/exeme-lang,JavaScript,2,2026-05-14 21:52:28.764978
autobrr,autobrr/autobrr,Go,2,2026-05-14 21:52:28.764978
starknet-io,starknet-io/starknet-website,Rust,2,2026-05-14 21:52:28.764978
deconz-community,deconz-community/ddf-tools,JavaScript,2,2026-05-14 21:52:28.764978
kh352-230911,kh352-230911/semi_petking,Java,2,2026-05-14 21:52:28.764978
concept7,concept7/filament-invite,PHP,2,2026-05-14 21:52:28.764978
Muskan-Adhikari,Muskan-Adhikari/muskan-adhikari.github.io,JavaScript,2,2026-05-14 21:52:28.764978
THM-Health,THM-Health/PILOS,JavaScript,2,2026-05-14 21:52:28.764978
CUPdate44,CUPdate44/desktop,JavaScript,2,2026-05-14 21:52:28.764978
RingsNetwork,RingsNetwork/rings-node,Python,2,2026-05-14 21:52:28.764978
Morning-Train,Morning-Train/wp-e-conomic,PHP,2,2026-05-14 21:52:28.764978
JellyLabScripts,JellyLabScripts/FarmHelper,JavaScript,2,2026-05-14 21:52:28.764978
Crash-Browser,Crash-Browser/crispy-system,JavaScript,2,2026-05-14 21:52:28.764978
demisto,demisto/dockerfiles,Python,2,2026-05-14 21:52:28.764978
Tech-Frontier,Tech-Frontier/trendy-tracker-recruit-storage,JavaScript,2,2026-05-14 21:52:28.764978
ossf,ossf/scorecard,Go,2,2026-05-14 21:52:28.764978
static-web-apps-testing-org,static-web-apps-testing-org/swaf0f96e3996b14ae4badfde68abef9862,C#,2,2026-05-14 21:52:28.764978
CERBON-MODS,CERBON-MODS/Bosses-of-Mass-Destruction-FORGE,Java,2,2026-05-14 21:52:28.764978
Jounce-IO,Jounce-IO/intel-extension-for-pytorch,Python,2,2026-05-14 21:52:28.764978
macports,macports/macports-ports,Python,2,2026-05-14 21:52:28.764978
khulnasoft-lab,khulnasoft-lab/docker-pipeline,Python,2,2026-05-14 21:52:28.764978
static-web-apps-testing-org,static-web-apps-testing-org/swa44a6764c978e48fc9586304941845909,C#,2,2026-05-14 21:52:28.764978
static-web-apps-testing-org,static-web-apps-testing-org/swa2b17d231ed904e4abc677bc7c115295e,C#,2,2026-05-14 21:52:28.764978
dsc-sookmyung,dsc-sookmyung/2023-02-Spring-Novice-Study,Java,2,2026-05-14 21:52:28.764978
static-web-apps-testing-org,static-web-apps-testing-org/swadfc8991ff5d24f069623a8f7eba45197,C#,2,2026-05-14 21:52:28.764978
jprofessionals,jprofessionals/my-page,Java,2,2026-05-14 21:52:28.764978
SkyCD,SkyCD/SkyCD.CompressedTextFormat.dll,C#,2,2026-05-14 21:52:28.764978
ita-social-projects,ita-social-projects/Forum,Python,2,2026-05-14 21:52:28.764978
deploymenttheory,deploymenttheory/go-api-sdk-m365,Shell,2,2026-05-14 21:52:28.764978
relaycorp,relaycorp/keystore-db-js,JavaScript,2,2026-05-14 21:52:28.764978
Jounce-IO,Jounce-IO/ggml,Shell,2,2026-05-14 21:52:28.764978
sourcegraph,sourcegraph/src-cli,Go,2,2026-05-14 21:52:28.764978
bowtie-json-schema,bowtie-json-schema/bowtie,Kotlin,2,2026-05-14 21:52:28.764978
NemesisDrone,NemesisDrone/Air,Python,2,2026-05-14 21:52:28.764978
technology-studio,technology-studio/redux-saga,TypeScript,2,2026-05-14 21:52:28.764978
Crash-Browser,Crash-Browser/refactored-winner,Python,2,2026-05-14 21:52:28.764978
arcaneframework,arcaneframework/framework,C++,2,2026-05-14 21:52:28.764978
acdphp,acdphp/laravel-multitenancy-api-template,PHP,2,2026-05-14 21:52:28.764978
python-telegram-bot,python-telegram-bot/ptbcontrib,Python,1,2026-05-14 21:52:28.764978
C0623I1-project-module-6,C0623I1-project-module-6/best-ticket-service,Java,1,2026-05-14 21:52:28.764978
Skyrat-SS13,Skyrat-SS13/Skyrat-tg,Rust,1,2026-05-14 21:52:28.764978
openhab,openhab/openhab-osgiify,Java,1,2026-05-14 21:52:28.764978
WebKit,WebKit/WebKit,C++,1,2026-05-14 21:52:28.764978
StarlangSoftware,StarlangSoftware/DataStructure-CPP,Python,1,2026-05-14 21:52:28.764978
NZOI,NZOI/nztrain,Shell,1,2026-05-14 21:52:28.764978
cs-intro-reichman,cs-intro-reichman/hw02-mekonenlior,Java,1,2026-05-14 21:52:28.764978
reims2,reims2/reims2-frontend,JavaScript,1,2026-05-14 21:52:28.764978
bowtie-json-schema,bowtie-json-schema/bowtie,TypeScript,1,2026-05-14 21:52:28.764978
Roll20,Roll20/roll20-character-sheets,JavaScript,1,2026-05-14 21:52:28.764978
resend,resend/react-email,TypeScript,1,2026-05-14 21:52:28.764978
fluentcms,fluentcms/FluentCMS,C#,1,2026-05-14 21:52:28.764978
ofajs,ofajs/punch-ui-website,JavaScript,1,2026-05-14 21:52:28.764978
giantswarm,giantswarm/giantswarm-test-catalog,JavaScript,1,2026-05-14 21:52:28.764978
hybrowlabs,hybrowlabs/frappe-keur,Python,1,2026-05-14 21:52:28.764978
mitex-rs,mitex-rs/mitex,Shell,1,2026-05-14 21:52:28.764978
hckrnews,hckrnews/express-callback,JavaScript,1,2026-05-14 21:52:28.764978
usfsoar,usfsoar/NSL_23-24_PayloadEECS,Python,1,2026-05-14 21:52:28.764978
uutils,uutils/coreutils,Rust,1,2026-05-14 21:52:28.764978
owncloud-ci,owncloud-ci/core,PHP,1,2026-05-14 21:52:28.764978
StaticWebAppTest,StaticWebAppTest/centraluseuap-swatest-dotnet-isolated-60,C#,1,2026-05-14 21:52:28.764978
greenbone,greenbone/autohooks-plugin-ruff,Python,1,2026-05-14 21:52:28.764978
graphprotocol,graphprotocol/docs,Python,1,2026-05-14 21:52:28.764978
BitSwap-BiFi,BitSwap-BiFi/Bitswap-API,JavaScript,1,2026-05-14 21:52:28.764978
zazuko,zazuko/trifid,JavaScript,1,2026-05-14 21:52:28.764978
CatalystixCC,CatalystixCC/blockx-gentx-mainnet,JavaScript,1,2026-05-14 21:52:28.764978
KDE,KDE/clazy,Python,1,2026-05-14 21:52:28.764978
hackclub,hackclub/hackathons-backend,Ruby,1,2026-05-14 21:52:28.764978
meslab,meslab/rest-data-demo,JavaScript,1,2026-05-14 21:52:28.764978
tough-dev-school,tough-dev-school/education-backend,Python,1,2026-05-14 21:52:28.764978
RingsNetwork,RingsNetwork/rings-node,Rust,1,2026-05-14 21:52:28.764978
MCTeamPotato,MCTeamPotato/Potacore,Java,1,2026-05-14 21:52:28.764978
2by2-Project,2by2-Project/android,Kotlin,1,2026-05-14 21:52:28.764978
6Ministers,6Ministers/flectra-2.0prod-docker-compose,Shell,1,2026-05-14 21:52:28.764978
AndroidIDEOfficial,AndroidIDEOfficial/android-tree-sitter,Kotlin,1,2026-05-14 21:52:28.764978
ohrrpgce,ohrrpgce/ohrrpgce,Shell,1,2026-05-14 21:52:28.764978
octoleo,octoleo/syncthing,JavaScript,1,2026-05-14 21:52:28.764978
static-web-apps-testing-org,static-web-apps-testing-org/swaf32517c5c8b04b17a08b5a5e8f5f9620,JavaScript,1,2026-05-14 21:52:28.764978
restfb,restfb/restfb,Java,1,2026-05-14 21:52:28.764978
greenmail-mail-test,greenmail-mail-test/greenmail,Java,1,2026-05-14 21:52:28.764978
giantswarm,giantswarm/control-plane-test-catalog,JavaScript,1,2026-05-14 21:52:28.764978
risingwavelabs,risingwavelabs/risingwave,Rust,1,2026-05-14 21:52:28.764978
The-Great-Sign,The-Great-Sign/IDE-Project-frontend-next,JavaScript,1,2026-05-14 21:52:28.764978
CRACK-io,CRACK-io/pancake-frontend,JavaScript,1,2026-05-14 21:52:28.764978
lutris,lutris/lutris,Python,1,2026-05-14 21:52:28.764978
gantsign,gantsign/ansible-role-intellij,Python,1,2026-05-14 21:52:28.764978
port-labs,port-labs/ocean,JavaScript,1,2026-05-14 21:52:28.764978
osfree-project,osfree-project/expand,Shell,1,2026-05-14 21:52:28.764978
orbcorp,orbcorp/orb-node,TypeScript,1,2026-05-14 21:52:28.764978
hasgeek,hasgeek/hasgeek.tv,JavaScript,1,2026-05-14 21:52:28.764978
AUCOHL,AUCOHL/Fault,Swift,1,2026-05-14 21:52:28.764978
OpenRefine,OpenRefine/OpenRefine,Java,1,2026-05-14 21:52:28.764978
SMUING-D,SMUING-D/FE-Next,JavaScript,1,2026-05-14 21:52:28.764978
piada-stakepool,piada-stakepool/website,JavaScript,1,2026-05-14 21:52:28.764978
YAPP-Github,YAPP-Github/23rd-Web-Team-2-FE,JavaScript,1,2026-05-14 21:52:28.764978
teamMay,teamMay/factory,TypeScript,1,2026-05-14 21:52:28.764978
HeliumEdu,HeliumEdu/template-project,Python,1,2026-05-14 21:52:28.764978
nodeshift-starters,nodeshift-starters/nodejs-rest-http,JavaScript,1,2026-05-14 21:52:28.764978
cloud-native-toolkit,cloud-native-toolkit/inventory-management-ui-solution,JavaScript,1,2026-05-14 21:52:28.764978
gore-engine,gore-engine/gore,C++,1,2026-05-14 21:52:28.764978
cepdnaclk,cepdnaclk/e19-3yp-impact-tracker,TypeScript,1,2026-05-14 21:52:28.764978
vlang,vlang/playground,JavaScript,1,2026-05-14 21:52:28.764978
personal-assistant-for-students,personal-assistant-for-students/image-gen,Python,1,2026-05-14 21:52:28.764978
truenas,truenas/zfs,C++,1,2026-05-14 21:52:28.764978
shrimp-cloud,shrimp-cloud/shrimp-doc,Python,1,2026-05-14 21:52:28.764978
dotnet,dotnet/emsdk,Python,1,2026-05-14 21:52:28.764978
panodata,panodata/grafana-client,Python,1,2026-05-14 21:52:28.764978
parse-community,parse-community/parse-server-sqs-mq-adapter,JavaScript,1,2026-05-14 21:52:28.764978
Do-sth-sharp,Do-sth-sharp/SynthEngineDemo,C++,1,2026-05-14 21:52:28.764978
turkman-linux,turkman-linux/iso-enduser,Shell,1,2026-05-14 21:52:28.764978
mason-org,mason-org/mason-registry,Rust,1,2026-05-14 21:52:28.764978
paxo-phone,paxo-phone/paxo-ide,Shell,1,2026-05-14 21:52:28.764978
the-team-evopass,the-team-evopass/bot-faturamento-fopag,JavaScript,1,2026-05-14 21:52:28.764978
B3Partners,B3Partners/brmo,SQL,1,2026-05-14 21:52:28.764978
openhab-sandbox,openhab-sandbox/org.openhab.binding.zigbee,Java,1,2026-05-14 21:52:28.764978
TheCodeBeakers,TheCodeBeakers/actual_frontend,JavaScript,1,2026-05-14 21:52:28.764978
HACbs-ui-org,HACbs-ui-org/my-app-Bo2fV-assess-wear,Python,1,2026-05-14 21:52:28.764978
The-HellBot,The-HellBot/Plugins,Python,1,2026-05-14 21:52:28.764978
StaticWebAppTest,StaticWebAppTest/vanilla-api-westeurope,JavaScript,1,2026-05-14 21:52:28.764978
talkiq,talkiq/gcloud-aio,JavaScript,1,2026-05-14 21:52:28.764978
mdn,mdn/content,JavaScript,1,2026-05-14 21:52:28.764978
nspyre-org,nspyre-org/drivers,Python,1,2026-05-14 21:52:28.764978
openhab-sandbox,openhab-sandbox/org.openhab.binding.zwave,Java,1,2026-05-14 21:52:28.764978
risemate,risemate/client,JavaScript,1,2026-05-14 21:52:28.764978
parse-community,parse-community/parse-server-gcs-adapter,JavaScript,1,2026-05-14 21:52:28.764978
StaticWebAppTest,StaticWebAppTest/centraluseuap-swatest-dotnet-60,C#,1,2026-05-14 21:52:28.764978
static-web-apps-testing-org,static-web-apps-testing-org/swa7904e351bf384c79b95ba112581bb659,JavaScript,1,2026-05-14 21:52:28.764978
CRACK-io,CRACK-io/desktop,JavaScript,1,2026-05-14 21:52:28.764978
codefixlabs,codefixlabs/next-auth,JavaScript,1,2026-05-14 21:52:28.764978
StarlangSoftware,StarlangSoftware/Math-CPP,Python,1,2026-05-14 21:52:28.764978
dldevinc,dldevinc/paper-forms,Python,1,2026-05-14 21:52:28.764978
hasgeek,hasgeek/boxoffice,JavaScript,1,2026-05-14 21:52:28.764978
common-voice,common-voice/common-voice,JavaScript,1,2026-05-14 21:52:28.764978
dev-sm8350,dev-sm8350/device_oneplus_oneplus9,Python,1,2026-05-14 21:52:28.764978
alltheplaces,alltheplaces/alltheplaces,Python,1,2026-05-14 21:52:28.764978
technology-studio,technology-studio/redux-saga,JavaScript,1,2026-05-14 21:52:28.764978
XaverianTeamRobotics,XaverianTeamRobotics/imgutil,JavaScript,1,2026-05-14 21:52:28.764978
static-web-apps-testing-org,static-web-apps-testing-org/swaf0f96e3996b14ae4badfde68abef9862,JavaScript,1,2026-05-14 21:52:28.764978
Flow-Works,Flow-Works/FlowOS,JavaScript,1,2026-05-14 21:52:28.764978
argrelay,argrelay/argrelay,Shell,1,2026-05-14 21:52:28.764978
serverlessdays-dublin,serverlessdays-dublin/dublin.serverlessdays.io,JavaScript,1,2026-05-14 21:52:28.764978
andy-nikolaev,andy-nikolaev/cas6,Java,1,2026-05-14 21:52:28.764978
Crown-Commercial-Service,Crown-Commercial-Service/digitalmarketplace-scripts,Python,1,2026-05-14 21:52:28.764978
ONFNTH,ONFNTH/QQBot,Python,1,2026-05-14 21:52:28.764978
vendored,vendored/nixpkgs,Rust,1,2026-05-14 21:52:28.764978
TEAM-PREAT,TEAM-PREAT/peekaboo,Kotlin,1,2026-05-14 21:52:28.764978
chromium,chromium/chromium,Python,1,2026-05-14 21:52:28.764978
StarlangSoftware,StarlangSoftware/XmlParser-CPP,Python,1,2026-05-14 21:52:28.764978
HypixelDatabase,HypixelDatabase/HypixelTracking,JavaScript,1,2026-05-14 21:52:28.764978
cheldump,cheldump/android_device_xiaomi_tissot,C++,1,2026-05-14 21:52:28.764978
SalesforceCommerceCloud,SalesforceCommerceCloud/commerce-sdk-isomorphic,JavaScript,1,2026-05-14 21:52:28.764978
Bloomstack,Bloomstack/frappe,Python,1,2026-05-14 21:52:28.764978
AMSC22-23,AMSC22-23/MonteCarlo23-24-Marini-Patricelli-Pagani,C++,1,2026-05-14 21:52:28.764978
un-es,un-es/canvas-npmmirror,JavaScript,1,2026-05-14 21:52:28.764978
JLLVM,JLLVM/JLLVM,C++,1,2026-05-14 21:52:28.764978
Beam-Apps,Beam-Apps/Beam-Apps,JavaScript,1,2026-05-14 21:52:28.764978
greenbone,greenbone/autohooks-plugin-flake8,Python,1,2026-05-14 21:52:28.764978
spcl,spcl/dace,Python,1,2026-05-14 21:52:28.764978
activeadmin,activeadmin/arbre,Ruby,1,2026-05-14 21:52:28.764978
wayne-enterprises-gg,wayne-enterprises-gg/public-app-gg-2024-01,Python,1,2026-05-14 21:52:28.764978
Urapolku-fi,Urapolku-fi/Urapolku.fi-Virallinen,JavaScript,1,2026-05-14 21:52:28.764978
jku-swe-simcomp,jku-swe-simcomp/simcomp-services,Java,1,2026-05-14 21:52:28.764978
libcamera-org,libcamera-org/libcamera,C++,1,2026-05-14 21:52:28.764978
dssg,dssg/triage,Python,1,2026-05-14 21:52:28.764978
HACbs-ui-org,HACbs-ui-org/my-app-RdK5G-monitor-determine,Python,1,2026-05-14 21:52:28.764978
gg-snyk-demo,gg-snyk-demo/public-app-gg-bis-2023-12,Python,1,2026-05-14 21:52:28.764978
talkiq,talkiq/gcloud-aio,Python,1,2026-05-14 21:52:28.764978
VSEScala,VSEScala/Scala-Dining,Scala,1,2026-05-14 21:52:28.764978
conjure-cp,conjure-cp/conjure-oxide,Rust,1,2026-05-14 21:52:28.764978
greenbone,greenbone/autohooks-plugin-black,Python,1,2026-05-14 21:52:28.764978
zeno-ml,zeno-ml/zeno-client,Python,1,2026-05-14 21:52:28.764978
Bandwidth,Bandwidth/node-voice,JavaScript,1,2026-05-14 21:52:28.764978
wayne-enterprises-gg,wayne-enterprises-gg/public-app-gg-2023-12,Python,1,2026-05-14 21:52:28.764978
legeclodb,legeclodb/legeclodb,JavaScript,1,2026-05-14 21:52:28.764978
react-ghana,react-ghana/cli,JavaScript,1,2026-05-14 21:52:28.764978
damus-io,damus-io/nostrdb-rs,Rust,1,2026-05-14 21:52:28.764978
datascapesg,datascapesg/passiton,JavaScript,1,2026-05-14 21:52:28.764978
static-web-apps-testing-org,static-web-apps-testing-org/swa0a4e919f18fc4c45af103d32127f2f7a,JavaScript,1,2026-05-14 21:52:28.764978
MinusMC,MinusMC/MinusBounce,Kotlin,1,2026-05-14 21:52:28.764978
2by2-Project,2by2-Project/android_frameworks_base,Shell,1,2026-05-14 21:52:28.764978
WebNetMC,WebNetMC/WebNetBedwars,JavaScript,1,2026-05-14 21:52:28.764978
greenbone,greenbone/autohooks-plugin-isort,Python,1,2026-05-14 21:52:28.764978
digital-canvas,digital-canvas/web-ftp-file-manager,JavaScript,1,2026-05-14 21:52:28.764978
AthleteX-DAO,AthleteX-DAO/sports-cids,JavaScript,1,2026-05-14 21:52:28.764978
cpp-sc2,cpp-sc2/blank-bot,C++,1,2026-05-14 21:52:28.764978
DataAnalyticsinStudentHands,DataAnalyticsinStudentHands/NWC_frontend,JavaScript,1,2026-05-14 21:52:28.764978
FriendsOfShopware,FriendsOfShopware/FroshImagePlaceholder,JavaScript,1,2026-05-14 21:52:28.764978
wayne-enterprises-gg,wayne-enterprises-gg/public-app-gg-bis-2023-12,Python,1,2026-05-14 21:52:28.764978
Champ-Coders,Champ-Coders/blut-blood-donation-campain-front-end,JavaScript,1,2026-05-14 21:52:28.764978
ai-zen,ai-zen/steamworks.js,JavaScript,1,2026-05-14 21:52:28.764978
GenericMappingTools,GenericMappingTools/gmt,Shell,1,2026-05-14 21:52:28.764978
CTC-PCOEdeSignage,CTC-PCOEdeSignage/PCOE-de-Signage-Rails,Java,1,2026-05-14 21:52:28.764978
celo-org,celo-org/faucet,JavaScript,1,2026-05-14 21:52:28.764978
StaticWebAppTest,StaticWebAppTest/vanilla-api-centraluseuap,JavaScript,1,2026-05-14 21:52:28.764978
RKLins,RKLins/str90pipo,TypeScript,1,2026-05-14 21:52:28.764978
StaticWebAppTest,StaticWebAppTest/centralus-swatest-node-16,JavaScript,1,2026-05-14 21:52:28.764978
OpenSees,OpenSees/OpenSees,C++,1,2026-05-14 21:52:28.764978
PicnicSupermarket,PicnicSupermarket/error-prone-support,Ruby,1,2026-05-14 21:52:28.764978
rad-stack,rad-stack/rad_common,Ruby,1,2026-05-14 21:52:28.764978
r2c-CSE,r2c-CSE/mojito,Java,1,2026-05-14 21:52:28.764978
DevCom-IITB,DevCom-IITB/instiapp-flutter,Java,1,2026-05-14 21:52:28.764978
lunary-ai,lunary-ai/lunary,SQL,1,2026-05-14 21:52:28.764978
stiggio,stiggio/stigg-example-todos,JavaScript,1,2026-05-14 21:52:28.764978
Sitecore,Sitecore/docker-images,JavaScript,1,2026-05-14 21:52:28.764978
trello-project,trello-project/trelloProject,Shell,1,2026-05-14 21:52:28.764978
GitData-GA,GitData-GA/archive,Python,1,2026-05-14 21:52:28.764978
conjure-cp,conjure-cp/university-timetabling-demo,JavaScript,1,2026-05-14 21:52:28.764978
greenbone,greenbone/autohooks-plugin-mypy,Python,1,2026-05-14 21:52:28.764978
Cannoneers-of-Create,Cannoneers-of-Create/CreateBigCannons,Shell,1,2026-05-14 21:52:28.764978
ScaleLeap,ScaleLeap/selling-partner-api-sdk,TypeScript,1,2026-05-14 21:52:28.764978
ktpql,ktpql/books,JavaScript,1,2026-05-14 21:52:28.764978
mondaycom,mondaycom/monday-code-cli,JavaScript,1,2026-05-14 21:52:28.764978
IEEEUCSC,IEEEUCSC/madhack-2024,JavaScript,1,2026-05-14 21:52:28.764978
okp4,okp4/contracts,Rust,1,2026-05-14 21:52:28.764978
greenbone,greenbone/autohooks-plugin-pylint,Python,1,2026-05-14 21:52:28.764978
inception-project,inception-project/inception,Java,1,2026-05-14 21:52:28.764978
static-web-apps-testing-org,static-web-apps-testing-org/swa1fe33101456a4b40b927c55b01e6b0dc,JavaScript,1,2026-05-14 21:52:28.764978
StaticWebAppTest,StaticWebAppTest/vanilla-api-westus2,JavaScript,1,2026-05-14 21:52:28.764978
goldpension,goldpension/front,JavaScript,1,2026-05-14 21:52:28.764978
AndroidIDEOfficial,AndroidIDEOfficial/android-tree-sitter,Java,1,2026-05-14 21:52:28.764978
CleverRaven,CleverRaven/Cataclysm-DDA,C++,1,2026-05-14 21:52:28.764978
Codenym,Codenym/DataPipelines,SQL,1,2026-05-14 21:52:28.764978
XaverianTeamRobotics,XaverianTeamRobotics/docs,JavaScript,1,2026-05-14 21:52:28.764978
ge-high-assurance,ge-high-assurance/RITE,Java,1,2026-05-14 21:52:28.764978
dsc-sookmyung,dsc-sookmyung/2023-02-Spring-Novice-Study,SQL,1,2026-05-14 21:52:28.764978
valhalla,valhalla/valhalla,C++,1,2026-05-14 21:52:28.764978
static-web-apps-testing-org,static-web-apps-testing-org/swa95d98ae87ed74f83b2d4fbe310242ee4,JavaScript,1,2026-05-14 21:52:28.764978
exult,exult/exult,C++,1,2026-05-14 21:52:28.764978
OHDSI,OHDSI/Arachne,JavaScript,1,2026-05-14 21:52:28.764978
clouddrove,clouddrove/terraform-azure-storage,Python,1,2026-05-14 21:52:28.764978
genexuslabs,genexuslabs/chameleon-controls-library,JavaScript,1,2026-05-14 21:52:28.764978
Goldwyn-Cooper,Goldwyn-Cooper/downbit,Python,1,2026-05-14 21:52:28.764978
jellow-aac,jellow-aac/jellow-communicator-android,Java,1,2026-05-14 21:52:28.764978
squidTown,squidTown/code,JavaScript,1,2026-05-14 21:52:28.764978
BananaDroid-Lab,BananaDroid-Lab/frameworks_base,Shell,1,2026-05-14 21:52:28.764978
nix-community,nix-community/nur-combined,JavaScript,1,2026-05-14 21:52:28.764978
bit-ocean-studio,bit-ocean-studio/dolphin-admin-nest,JavaScript,1,2026-05-14 21:52:28.764978
serv-c,serv-c/svc-lib-server-python,Python,1,2026-05-14 21:52:28.764978
slsa-framework,slsa-framework/example-package,Java,1,2026-05-14 21:52:28.764978
CarbonCommunity,CarbonCommunity/Carbon.Manifest,Rust,1,2026-05-14 21:52:28.764978
WHUCodingAndOpen,WHUCodingAndOpen/MilitaryTheory,Swift,1,2026-05-14 21:52:28.764978
Rookies-PNS,Rookies-PNS/PNS_Backend,Python,1,2026-05-14 21:52:28.764978
Do-sth-sharp,Do-sth-sharp/juce-vst3-dev-kit,C++,1,2026-05-14 21:52:28.764978
risingwavelabs,risingwavelabs/risingwave,SQL,1,2026-05-14 21:52:28.764978
DifuseHQ,DifuseHQ/luci,JavaScript,1,2026-05-14 21:52:28.764978
tramcar,tramcar/tramcar,Python,1,2026-05-14 21:52:28.764978
photoprism,photoprism/photoprism,JavaScript,1,2026-05-14 21:52:28.764978
AreaLayer,AreaLayer/react-native-ldk,Swift,1,2026-05-14 21:52:28.764978
okx,okx/ordinals-collections,JavaScript,1,2026-05-14 21:52:28.764978
threefoldtech,threefoldtech/tfchain,Rust,1,2026-05-14 21:52:28.764978
mongol-s-owner-khan,mongol-s-owner-khan/-NEW-timetable-backend,Python,1,2026-05-14 21:52:28.764978
FromDoppler,FromDoppler/hello-fastapi,Python,1,2026-05-14 21:52:28.764978
chatgpt-kr,chatgpt-kr/chatgpt-api-tutorial,Python,1,2026-05-14 21:52:28.764978
hckrnews,hckrnews/object-converter,JavaScript,1,2026-05-14 21:52:28.764978
osmlab,osmlab/name-suggestion-index,JavaScript,1,2026-05-14 21:52:28.764978
endpointservices,endpointservices/webcode-data,JavaScript,1,2026-05-14 21:52:28.764978
static-web-apps-testing-org,static-web-apps-testing-org/swa44a6764c978e48fc9586304941845909,JavaScript,1,2026-05-14 21:52:28.764978
radio-aktywne,radio-aktywne/template-app-litestar,Python,1,2026-05-14 21:52:28.764978
Neural-Dynamics-Web,Neural-Dynamics-Web/django-admin-search,Python,1,2026-05-14 21:52:28.764978
psalm,psalm/psalm-github-bot,JavaScript,1,2026-05-14 21:52:28.764978
Crash-Browser,Crash-Browser/gradle,Java,1,2026-05-14 21:52:28.764978
omniosorg,omniosorg/omnios-extra,C++,1,2026-05-14 21:52:28.764978
chubbyphp,chubbyphp/chubbyphp-laminas-config,PHP,1,2026-05-14 21:52:28.764978
static-web-apps-testing-org,static-web-apps-testing-org/swac06feff68564472e8b3eed0dfec616b2,JavaScript,1,2026-05-14 21:52:28.764978
taskcluster,taskcluster/taskcluster,JavaScript,1,2026-05-14 21:52:28.764978
canonical,canonical/pgbouncer-k8s-operator,Python,1,2026-05-14 21:52:28.764978
CDH-Studio,CDH-Studio/I-Talent,JavaScript,1,2026-05-14 21:52:28.764978
fable-compiler,fable-compiler/Fable,Python,1,2026-05-14 21:52:28.764978
Zeit-Labs,Zeit-Labs/xblock-drag-and-drop-v2,Python,1,2026-05-14 21:52:28.764978
Exp-Primer-Copilot-Cohort-1,Exp-Primer-Copilot-Cohort-1/experience-primer-copilot-Lewisliang-GIT,JavaScript,1,2026-05-14 21:52:28.764978
termux,termux/termux-boot,Java,1,2026-05-14 21:52:28.764978
violinist-dev,violinist-dev/php-tripletex,PHP,1,2026-05-14 21:52:28.764978
Ree6-Applications,Ree6-Applications/Ree6,Java,1,2026-05-14 21:52:28.764978
hms-dbmi,hms-dbmi/pic-sure-gic-institution-release-control,JavaScript,1,2026-05-14 21:52:28.764978
open-data-plan,open-data-plan/g2plot-react,JavaScript,1,2026-05-14 21:52:28.764978
headshed-dev,headshed-dev/headshed-dev.github.io,Python,1,2026-05-14 21:52:28.764978
clij,clij/clij2-fft,Python,1,2026-05-14 21:52:28.764978
project-EveryOUR,project-EveryOUR/everyOur-React,TypeScript,1,2026-05-14 21:52:28.764978
static-web-apps-testing-org,static-web-apps-testing-org/swac16f3495e8954612b96633c014903797,JavaScript,1,2026-05-14 21:52:28.764978
coditory,coditory/gradle-integration-test-plugin,Java,1,2026-05-14 21:52:28.764978
rubybench,rubybench/rubybench,Ruby,1,2026-05-14 21:52:28.764978
BitSwap-BiFi,BitSwap-BiFi/bitswap-sdk,Rust,1,2026-05-14 21:52:28.764978
minitorch,minitorch/minitorch-module-0-reachtarunhere,Python,1,2026-05-14 21:52:28.764978
securityphoenix,securityphoenix/vulnerablecode,Python,1,2026-05-14 21:52:28.764978
CCSSemicolonClub,CCSSemicolonClub/2023-2024,C#,1,2026-05-14 21:52:28.764978
spectrum-finance,spectrum-finance/interface,JavaScript,1,2026-05-14 21:52:28.764978
mlc-ai,mlc-ai/relax,C++,1,2026-05-14 21:52:28.764978
cpp-playground,cpp-playground/AINomina,C++,1,2026-05-14 21:52:28.764978
OMUCHAT,OMUCHAT/dashboard,JavaScript,1,2026-05-14 21:52:28.764978
metabrainz,metabrainz/listenbrainz-android,JavaScript,1,2026-05-14 21:52:28.764978
netgroup,netgroup/rose-vm-build,Shell,1,2026-05-14 21:52:28.764978
bervProject,bervProject/my-personal-web,TypeScript,1,2026-05-14 21:52:28.764978
CodeYourFuture,CodeYourFuture/RainyPlaytime,JavaScript,1,2026-05-14 21:52:28.764978
Heidelberger-Regattaverband,Heidelberger-Regattaverband/regatta-infopoint,Rust,1,2026-05-14 21:52:28.764978
DGP-Studio,DGP-Studio/Snap.Hutao,C#,1,2026-05-14 21:52:28.764978
static-web-apps-testing-org,static-web-apps-testing-org/swa019141a633274bc1afdf2bea2112bdf5,JavaScript,1,2026-05-14 21:52:28.764978
bowtie-json-schema,bowtie-json-schema/bowtie,JavaScript,1,2026-05-14 21:52:28.764978
entur,entur/netex-parser-java,Java,1,2026-05-14 21:52:28.764978
ServiceStack,ServiceStack/ServiceStack,C#,1,2026-05-14 21:52:28.764978
polyfea,polyfea/browser-api,JavaScript,1,2026-05-14 21:52:28.764978
EdenBlockVC,EdenBlockVC/magister,JavaScript,1,2026-05-14 21:52:28.764978
BerriAI,BerriAI/litellm,Python,1,2026-05-14 21:52:28.764978
uiuc-mcs,uiuc-mcs/uiuc-mcs,JavaScript,1,2026-05-14 21:52:28.764978
conjure-cp,conjure-cp/conjure-oxide,Python,1,2026-05-14 21:52:28.764978
shira-apiiro-org,shira-apiiro-org/public-repository,Python,1,2026-05-14 21:52:28.764978
sora-xor,sora-xor/polkaswap-exchange-web,JavaScript,1,2026-05-14 21:52:28.764978
fluentcms,fluentcms/FluentCMS,JavaScript,1,2026-05-14 21:52:28.764978
jhipster,jhipster/jhipster-lite,Java,1,2026-05-14 21:52:28.764978
Vhoyon,Vhoyon/voyage,JavaScript,1,2026-05-14 21:52:28.764978
termux,termux/termux-styling,Java,1,2026-05-14 21:52:28.764978
CodendDev,CodendDev/Codend,SQL,1,2026-05-14 21:52:28.764978
phonyland,phonyland/ngram,JavaScript,1,2026-05-14 21:52:28.764978
demisto,demisto/content,JavaScript,1,2026-05-14 21:52:28.764978
kaff4,kaff4/kaff4,Java,1,2026-05-14 21:52:28.764978
Roawak,Roawak/Vitruvius-Construction-works-App,Python,1,2026-05-14 21:52:28.764978
aws-mwaa,aws-mwaa/upstream-to-airflow,Shell,1,2026-05-14 21:52:28.764978
ruby,ruby/www.ruby-lang.org,Ruby,1,2026-05-14 21:52:28.764978
clij,clij/clij2-fft,Shell,1,2026-05-14 21:52:28.764978
Cubusky,Cubusky/com.cubusky.core,JavaScript,1,2026-05-14 21:52:28.764978
static-web-apps-testing-org,static-web-apps-testing-org/swa2b17d231ed904e4abc677bc7c115295e,JavaScript,1,2026-05-14 21:52:28.764978
wemadefree,wemadefree/WeBook,Shell,1,2026-05-14 21:52:28.764978
openpetra,openpetra/openpetra,C#,1,2026-05-14 21:52:28.764978
VirtualFlyBrain,VirtualFlyBrain/vfb-data-ingest-api,Python,1,2026-05-14 21:52:28.764978
Xuaps,Xuaps/hipo,JavaScript,1,2026-05-14 21:52:28.764978
BananaDroid-Lab,BananaDroid-Lab/frameworks_base,Kotlin,1,2026-05-14 21:52:28.764978
comartek,comartek/star-printer-commander,JavaScript,1,2026-05-14 21:52:28.764978
PyTables,PyTables/PyTables,Python,1,2026-05-14 21:52:28.764978
cython,cython/cython,Python,1,2026-05-14 21:52:28.764978
greenbone,greenbone/python-project-template,Python,1,2026-05-14 21:52:28.764978
pnpm,pnpm/pnpm,JavaScript,1,2026-05-14 21:52:28.764978
mlspec,mlspec/mlspec-lib,Python,1,2026-05-14 21:52:28.764978
teambit,teambit/bit,TypeScript,1,2026-05-14 21:52:28.764978
smRt-Egg,smRt-Egg/BE-05-smRt-store,Java,1,2026-05-14 21:52:28.764978
greenbone,greenbone/pontos,Python,1,2026-05-14 21:52:28.764978
Shopify,Shopify/vscode-shopify-ruby,JavaScript,1,2026-05-14 21:52:28.764978
specfy,specfy/specfy,JavaScript,1,2026-05-14 21:52:28.764978
onset,onset/lameta,JavaScript,1,2026-05-14 21:52:28.764978
preditock,preditock/preditock-core,Python,1,2026-05-14 21:52:28.764978
lat-lon,lat-lon/deegree3,Java,1,2026-05-14 21:52:28.764978
Team-BingBong,Team-BingBong/BE-05-Bingterpark,Java,1,2026-05-14 21:52:28.764978
departurerb,departurerb/departure,Ruby,1,2026-05-14 21:52:28.764978
PUGX,PUGX/shortid-doctrine,PHP,1,2026-05-14 21:52:28.764978
PrairieLearn,PrairieLearn/PrairieLearn,Python,1,2026-05-14 21:52:28.764978
fotcamp,fotcamp/react-popup-craft,JavaScript,1,2026-05-14 21:52:28.764978
StarlangSoftware,StarlangSoftware/TurkishFrameNet-CPP,Python,1,2026-05-14 21:52:28.764978
ioBroker,ioBroker/ioBroker.admin,TypeScript,1,2026-05-14 21:52:28.764978
kongying-tavern,kongying-tavern/map_register_v3,JavaScript,1,2026-05-14 21:52:28.764978
getsolus,getsolus/packages,Shell,1,2026-05-14 21:52:28.764978
bervProject,bervProject/my-personal-web,JavaScript,1,2026-05-14 21:52:28.764978
RapidReview-ai,RapidReview-ai/functionRetriever,JavaScript,1,2026-05-14 21:52:28.764978
StarlangSoftware,StarlangSoftware/Sampling-CPP,Python,1,2026-05-14 21:52:28.764978
Isuri-IjseDevHub,Isuri-IjseDevHub/chat-app,JavaScript,1,2026-05-14 21:52:28.764978
dotnet,dotnet/sdk,C#,1,2026-05-14 21:52:28.764978
kaff4,kaff4/kaff4,Kotlin,1,2026-05-14 21:52:28.764978
free-ignorance,free-ignorance/fortunecookie,JavaScript,1,2026-05-14 21:52:28.764978
NanoComp,NanoComp/meep,Python,1,2026-05-14 21:52:28.764978
okp4,okp4/eslint-config-okp4,JavaScript,1,2026-05-14 21:52:28.764978
bencherdev,bencherdev/bencher,Shell,1,2026-05-14 21:52:28.764978
hckrnews,hckrnews/openapi-dereference,JavaScript,1,2026-05-14 21:52:28.764978
eisop,eisop/checker-framework,Java,1,2026-05-14 21:52:28.764978
pepperize,pepperize/cdk-vpc,JavaScript,1,2026-05-14 21:52:28.764978
vibeconn,vibeconn/erpnext-custom,JavaScript,1,2026-05-14 21:52:28.764978
redcrackle,redcrackle/earthly,Rust,1,2026-05-14 21:52:28.764978
khulnasoft-lab,khulnasoft-lab/package-analysis,Go,1,2026-05-14 21:52:28.764978
rubyforgood,rubyforgood/casa,JavaScript,1,2026-05-14 21:52:28.764978
hckrnews,hckrnews/openapi-model,JavaScript,1,2026-05-14 21:52:28.764978
qqself,qqself/qqself,JavaScript,1,2026-05-14 21:52:28.764978
opinionated-digital-center,opinionated-digital-center/pyadr,Python,1,2026-05-14 21:52:28.764978
codetopiacommunity,codetopiacommunity/codetopia-resource-hub,PHP,1,2026-05-14 21:52:28.764978
atuinsh,atuinsh/atuin,Shell,1,2026-05-14 21:52:28.764978
typecho,typecho/typecho,PHP,1,2026-05-14 21:52:28.764978
Magic-Fishes,Magic-Fishes/Ecole-Directe-Plus,JavaScript,1,2026-05-14 21:52:28.764978
metaplex-foundation,metaplex-foundation/kinobi,TypeScript,1,2026-05-14 21:52:28.764978
codetopiacommunity,codetopiacommunity/codetopia-resource-hub,JavaScript,1,2026-05-14 21:52:28.764978
static-web-apps-testing-org,static-web-apps-testing-org/swadfc8991ff5d24f069623a8f7eba45197,JavaScript,1,2026-05-14 21:52:28.764978
open-aviation,open-aviation/pitot,Python,1,2026-05-14 21:52:28.764978
ClickHouse,ClickHouse/ClickHouse,SQL,1,2026-05-14 21:52:28.764978
DanXi-Dev,DanXi-Dev/DanXi-Backend,JavaScript,1,2026-05-14 21:52:28.764978
bottledbits,bottledbits/invoify,JavaScript,1,2026-05-14 21:52:28.764978
zemfrog,zemfrog/zemfrog,Python,1,2026-05-14 21:52:28.764978
chimera-linux,chimera-linux/cports,Rust,1,2026-05-14 21:52:28.764978
scylladb,scylladb/seastar,C++,1,2026-05-14 21:52:28.764978
Grapycal,Grapycal/Grapycal,JavaScript,1,2026-05-14 21:52:28.764978
42Chimera,42Chimera/core_prac_minjo,Rust,1,2026-05-14 21:52:28.764978
violinist-dev,violinist-dev/queue-starter,JavaScript,1,2026-05-14 21:52:28.764978
leofcoin,leofcoin/node,JavaScript,1,2026-05-14 21:52:28.764978
ComplotTeam,ComplotTeam/Quickipedia,JavaScript,1,2026-05-14 21:52:28.764978
Vertexvis,Vertexvis/work-instructions-demo,JavaScript,1,2026-05-14 21:52:28.764978
gg-snyk-demo,gg-snyk-demo/public-app-gg-2023-12,Python,1,2026-05-14 21:52:28.764978
FoxGramApp,FoxGramApp/FoxGram,Java,1,2026-05-14 21:52:28.764978
xtuml,xtuml/ciera,Java,1,2026-05-14 21:52:28.764978
teambit,teambit/bit,JavaScript,1,2026-05-14 21:52:28.764978
StaticWebAppTest,StaticWebAppTest/vanilla-api-eastus2euap,C#,1,2026-05-14 21:52:28.764978
Flexget,Flexget/Flexget,Python,1,2026-05-14 21:52:28.764978
adamko-dev,adamko-dev/kotlinx-serialization-typescript-generator,JavaScript,1,2026-05-14 21:52:28.764978
ember-animation,ember-animation/ember-animated,JavaScript,1,2026-05-14 21:52:28.764978
coralogix,coralogix/nodejs-coralogix-sdk,JavaScript,1,2026-05-14 21:52:28.764978
demisto,demisto/content,Python,1,2026-05-14 21:52:28.764978
YunoHost-Apps,YunoHost-Apps/homarr_ynh,JavaScript,1,2026-05-14 21:52:28.764978
static-web-apps-testing-org,static-web-apps-testing-org/swad39482c7086741e6a229b9551d43074e,JavaScript,1,2026-05-14 21:52:28.764978
static-web-apps-testing-org,static-web-apps-testing-org/swa3468280ff8ce4e32a1f7fdbc351cc338,JavaScript,1,2026-05-14 21:52:28.764978
wayne-enterprises-gg,wayne-enterprises-gg/private-gg-bis-2023-10,Python,1,2026-05-14 21:52:28.764978
AndroidStudyOrg,AndroidStudyOrg/NewsApp,Java,1,2026-05-14 21:52:28.764978
Gravitalia,Gravitalia/Autha,Rust,1,2026-05-14 21:52:28.764978
browserless,browserless/browserless,JavaScript,1,2026-05-14 21:52:28.764978
Seaside-Paradise-Retreat,Seaside-Paradise-Retreat/SeaSide-Paradise-Retreat,JavaScript,1,2026-05-14 21:52:28.764978
static-web-apps-testing-org,static-web-apps-testing-org/swa80ad1c568dc2496ca3d7d673b5dac76e,JavaScript,1,2026-05-14 21:52:28.764978
cpp-sc2,cpp-sc2/commandcenter,C++,1,2026-05-14 21:52:28.764978
kotest,kotest/kotest-gradle-plugin,Java,1,2026-05-14 21:52:28.764978
Pejomi,Pejomi/mtogo-microservices,SQL,1,2026-05-14 21:52:28.764978
Servoy,Servoy/servoy-extra-components,JavaScript,1,2026-05-14 21:52:28.764978
RedmiNote7-Series,RedmiNote7-Series/device_lavender-booted,Python,1,2026-05-14 21:52:28.764978
Pocket,Pocket/firefox-api-proxy,JavaScript,1,2026-05-14 21:52:28.764978
input-output-hk,input-output-hk/atala-prism-wallet-sdk-ts,JavaScript,1,2026-05-14 21:52:28.764978
DUNE,DUNE/ndlar_39Ar_reco,JavaScript,1,2026-05-14 21:52:28.764978
openbsd,openbsd/ports,Rust,1,2026-05-14 21:52:28.764978